NOC,Pais
AFG,AFGHANISTAN
AHO,NETHERLANDS ANTILLES
ALB,ALBANIA
ALG,ALGERIA
AND,ANDORRA
ANG,ANGOLA
ANT,ANTIGUA AND BARBUDA
ANZ,AUSTRALASIA
ARG,ARGENTINA
ARM,ARMENIA
ARU,ARUBA
ASA,AMERICAN SAMOA
AUS,AUSTRALIA 
AUT,AUSTRIA
AZE,AZERBAIJAN
BAH,BAHAMAS
BAN,BANGLADESH
BAR,BARBADOS
BDI,BURUNDI
BEL,BELGIUM
BEN,BENIN
BER,BERMUDA
BHU,BHUTAN
BIH,BOSNIA AND HERZEGOVINA
BIZ,BELIZE
BLR,BELARUS
BOH,BOHEMIA
BOL,BOLIVIA
BOT,BOTSWANA
BRA,BRAZIL
BRN,BAHRAIN
BRU,BRUNEI
BUL,BULGARIA
BUR,BURKINA FASO
CAF,CENTRAL AFRICAN REPUBLIC
CAM,CAMBODIA
CAN,CANADA
CAY,CAYMAN ISLANDS
CGO,REPUBLIC OF THE CONGO
CHA,CHAD
CHI,CHILE
CHN,CHINA
CIV,IVORY COAST
CMR,CAMEROON
COD,DEMOCRATIC REPUBLIC OF THE CONGO
COK,COOK ISLANDS
COL,COLOMBIA
COM,COMOROS
CPV,CAPE VERDE
CRC,COSTA RICA
CRO,CROATIA
CRT,CRETE
CUB,CUBA
CYP,CYPRUS
CZE,CZECHIA
DEN,DENMARK
DJI,DJIBOUTI
DMA,DOMINICA
DOM,DOMINICAN REPUBLIC
ECU,ECUADOR
EGY,EGYPT
ERI,ERITREA
ESA,EL SALVADOR
ESP,SPAIN
EST,ESTONIA
ETH,ETHIOPIA
EUN,THE UNIFIED TEAM
FIJ,FIJI
FIN,FINLAND
FRA,FRANCE
FRG,WEST GERMANY
FSM,FEDERATED STATES OF MICRONESIA
GAB,GABON
GAM,THE GAMBIA
GBR,GREAT BRITAIN
GBS,GUINEA BISSAU
GDR,EAST GERMANY
GEO,GEORGIA
GEQ,EQUATORIAL GUINEA
GER,GERMANY
GHA,GHANA
GRE,GREECE
GRN,GRENADA
GUA,GUATEMALA
GUI,GUINEA  
GUM,GUAM
GUY,GUYANA
HAI,HAITI
HKG,HONG KONG
HON,HONDURAS
HUN,HUNGARY
INA,INDONESIA
IND,INDIA
IOA,INDIA
IRI,IRAN
IRL,IRELAND
IRQ,IRAQ
ISL,ICELAND
ISR,ISRAEL
ISV,VIRGIN ISLANDS
ITA,ITALY
IVB,BRITISH VIRGIN ISLANDS
JAM,JAMAICA
JOR,JORDAN
JPN,JAPAN
KAZ,KAZAKHSTAN
KEN,KENYA
KGZ,KYRGYZSTAN
KIR,KIRIBATI
KOR,SOUTH KOREA
KOS,KOSOVO
KSA,SAUDI ARABIA
KUW,KUWAIT
LAO,LAOS
LAT,LATVIA
LBA,LIBYA
LBR,LIBERIA
LCA,SAINT LUCIA
LES,LESOTHO
LIB,LEBANON
LIE,LIECHTENSTEIN
LTU,LITHUANIA
LUX,LUXEMBOURG
MAD,MADAGASCAR
MAL,MALAYA
MAR,MOROCCO
MAS,MALAYSIA
MAW,MALAWI
MDA,MOLDOVA
MDV,MALDIVES
MEX,MEXICO
MGL,MONGOLIA
MHL,MARSHALL ISLANDS
MKD,NORTH MACEDONIA
MLI,MALI
MLT,MALTA
MNE,MONTENEGRO
MON,MONACO
MOZ,MOZAMBIQUE
MRI,MAURITIUS
MTN,MAURITANIA
MYA,MYANMAR
NAM,NAMIBIA
NBO,NORTH BORNEO
NCA,NICARAGUA
NED,NETHERLANDS  
NEP,NEPAL
NFL,NEWFOUNDLAND
NGR,NIGERIA
NIG,NIGER 
NOR,NORWAY
NRU,NAURU
NZL,NEW ZEALAND
OMA,OMAN
PAK,PAKISTAN
PAN,PANAMA
PAR,PARAGUAY
PER,PERU
PHI,PHILIPPINES
PLE,PALESTINE
PLW,PALAU
PNG,PAPUA NEW GUINEA
POL,POLAND
POR,PORTUGAL
PRK,NORTH KOREA
PUR,PUERTO RICO
QAT,QATAR
RHO,RHODESIA
ROT,REFUGEE OLYMPIC ATHLETES
ROU,ROMANIA
RSA,SOUTH AFRICA
RUS,RUSSIA
RWA,RWANDA
SAA,SAARLAND
SAM,SAMOA
SCG,SERBIA AND MONTENEGRO
SEN,SENEGAL
SEY,SEYCHELLES
SGP,SINGAPORE
SKN,SAINT KITTS AND NEVIS
SLE,SIERRA LEONE
SLO,SLOVENIA
SMR,SAN MARINO
SOL,SOLOMON ISLANDS
SOM,SOMALIA
SRB,SERBIA  
SRI,SRI LANKA
SSD,SOUTH SUDAN
STP,SAO TOME AND PRINCIPE
SUD,SUDAN
SUI,SWITZERLAND
SUR,SURINAME
SVK,SLOVAKIA
SWE,SWEDEN
SWZ,ESWATINI
SYR,SYRIA
TAN,TANZANIA
TCH,CZECHOSLOVAKIA
TGA,TONGA
THA,THAILAND
TJK,TAJIKISTAN
TKM,TURKMENISTAN
TLS,EAST TIMOR
TOG,TOGO
TPE,CHINESE TAIPEI
TTO,TRINIDAD AND TOBAGO
TUN,TUNISIA
TUR,TURKEY
TUV,TUVALU
UAE,UNITED ARAB EMIRATES
UAR,UNITED ARAB REPUBLIC
UGA,UGANDA
UKR,UKRAINE
UNK,UNKNOWN
URS,SOVIET UNION
URU,URUGUAY
USA,UNITED STATES
UZB,UZBEKISTAN
VAN,VANUATU
VEN,VENEZUELA
VIE,VIETNAM
VIN,SAINT VINCENT AND THE GRENADINES
VNM,SOUTH VIETNAM
WIF,WOMEN INTERNATIONAL SPORTS FEDERATION
YAR,NORTH YEMEN
YEM,YEMEN
YMD,SOUTH YEMEN
YUG,YUGOSLAVIA
ZAM,ZAMBIA
ZIM,ZIMBABWE
